{"cameraMode":{"drawMode":0,"name":"Shaded","section":"Shading Mode"},"sceneLighting":true,"audioPlay":false,"sceneViewState":{"m_AlwaysRefresh":false,"showFog":true,"showSkybox":true,"showFlares":true,"showImageEffects":true,"showParticleSystems":true,"showVisualEffectGraphs":true,"m_FxEnabled":true},"in2DMode":false,"pivot":{"x":0.11807525157928467,"y":-0.19953501224517823,"z":-14.306132316589356},"rotation":{"x":-0.001848710933700204,"y":-0.9988213181495667,"z":0.05127599462866783,"w":-0.022654153406620027},"size":4.889869689941406,"orthographic":false}