{"cameraMode":{"drawMode":0,"name":"Shaded","section":"Shading Mode"},"sceneLighting":false,"audioPlay":false,"sceneViewState":{"m_AlwaysRefresh":false,"showFog":true,"showSkybox":false,"showFlares":true,"showImageEffects":true,"showParticleSystems":true,"showVisualEffectGraphs":true,"m_FxEnabled":true},"in2DMode":false,"pivot":{"x":-0.43927544355392458,"y":0.015429144725203514,"z":-5.9477152824401859},"rotation":{"x":0.008254951797425747,"y":-0.9452425241470337,"z":0.026041731238365175,"w":0.32584795355796816},"size":0.25342655181884768,"orthographic":false}